Nombre,Correo,Teléfono,Dirección,Identificación,Texto
Reyes Pinilla Rosado,woliver@tena.es,+34967 400 699,"Calle Rambla de Nieves Dalmau, 126, Ávila",40955969R,"Mi nombre es Reyes Pinilla Rosado, puedes contactarme por correo electrónico en woliver@tena.es, o llamarme al +34967 400 699. Vivo en Calle Rambla de Nieves Dalmau, 126, Ávila. Mi número de identificación es 40955969R."
Evita Solsona Escobar,nicolaspou@hernandez.com,991740961,"Calle Vial Luís Martín, 131, Las Palmas",34970246V,"Mi nombre es Evita Solsona Escobar, puedes contactarme por correo electrónico en nicolaspou@hernandez.com, o llamarme al 991740961. Vivo en Calle Vial Luís Martín, 131, Las Palmas. Mi número de identificación es 34970246V."
Lorenza Mate Bayón,jimena05@iglesias.com,+34 673931008,"Alameda Amador Calleja 13 Piso 1 , León, 91297",P5293902,"Mi nombre es Lorenza Mate Bayón, puedes contactarme por correo electrónico en jimena05@iglesias.com, o llamarme al +34 673931008. Vivo en Alameda Amador Calleja 13 Piso 1 , León, 91297. Mi número de identificación es P5293902."
Renato González-Araujo,tomasalondra@higueras.es,916543174,"Piso 5, Ávila",Y6585174Z,"Mi nombre es Renato González-Araujo, puedes contactarme por correo electrónico en tomasalondra@higueras.es, o llamarme al 916543174. Vivo en Piso 5, Ávila. Mi número de identificación es Y6585174Z."
Chus Alejandro Duarte Mayoral,iferrando@peiro.es,+34 650500564,"Urbanización Eliseo Naranjo 68 Piso 8 , Ciudad, 19873",P4418638,"Mi nombre es Chus Alejandro Duarte Mayoral, puedes contactarme por correo electrónico en iferrando@peiro.es, o llamarme al +34 650500564. Vivo en Urbanización Eliseo Naranjo 68 Piso 8 , Ciudad, 19873. Mi número de identificación es P4418638."
Iker Pavón Manuel,expositomiguel@hotmail.com,+34 670741527,"Camino Coral Cabo 73 Puerta 4 , Lleida, 69194",X9536174M,"Mi nombre es Iker Pavón Manuel, puedes contactarme por correo electrónico en expositomiguel@hotmail.com, o llamarme al +34 670741527. Vivo en Camino Coral Cabo 73 Puerta 4 , Lleida, 69194. Mi número de identificación es X9536174M."
Manu Dávila Pera,fernando83@comas.es,979332593,"Ronda de Maristela Rosado 7 Piso 9 , Pontevedra, 72841",Y2334362J,"Mi nombre es Manu Dávila Pera, puedes contactarme por correo electrónico en fernando83@comas.es, o llamarme al 979332593. Vivo en Ronda de Maristela Rosado 7 Piso 9 , Pontevedra, 72841. Mi número de identificación es Y2334362J."
Ester Salom-Zabala,regulo66@vega.es,(663) 166-756,"Calle Paseo de Reyes Salvador, 133, Melilla",87680686M,"Mi nombre es Ester Salom-Zabala, puedes contactarme por correo electrónico en regulo66@vega.es, o llamarme al (663) 166-756. Vivo en Calle Paseo de Reyes Salvador, 133, Melilla. Mi número de identificación es 87680686M."
Anna Duque-Barba,mendozapepito@montero-millan.org,(606) 295-832,"Calle C. Antonio Borja, 139, Albacete",37541698W,"Mi nombre es Anna Duque-Barba, puedes contactarme por correo electrónico en mendozapepito@montero-millan.org, o llamarme al (606) 295-832. Vivo en Calle C. Antonio Borja, 139, Albacete. Mi número de identificación es 37541698W."
Adelina Bermúdez Porras,aroa41@olivares-riquelme.es,926169461,"Calle Urbanización de Gil Coloma, 67, Albacete",Z5785418V,"Mi nombre es Adelina Bermúdez Porras, puedes contactarme por correo electrónico en aroa41@olivares-riquelme.es, o llamarme al 926169461. Vivo en Calle Urbanización de Gil Coloma, 67, Albacete. Mi número de identificación es Z5785418V."
Liliana Luciana Cuesta Zaragoza,zropero@company-noguera.es,(644) 439-822,"Apt. 15, Girona",P6499298,"Mi nombre es Liliana Luciana Cuesta Zaragoza, puedes contactarme por correo electrónico en zropero@company-noguera.es, o llamarme al (644) 439-822. Vivo en Apt. 15, Girona. Mi número de identificación es P6499298."
Mariano Quiroga Dueñas,lbadia@collado-peinado.com,+34 621897924,"Calle Glorieta Marisa Manuel, 99, Ourense",P7874756,"Mi nombre es Mariano Quiroga Dueñas, puedes contactarme por correo electrónico en lbadia@collado-peinado.com, o llamarme al +34 621897924. Vivo en Calle Glorieta Marisa Manuel, 99, Ourense. Mi número de identificación es P7874756."
Florencia Gras Blazquez,pelayoamador@gmail.com,+34 686861012,"Plaza Rosalina Vilanova 44, Almería, 84000",34570311N,"Mi nombre es Florencia Gras Blazquez, puedes contactarme por correo electrónico en pelayoamador@gmail.com, o llamarme al +34 686861012. Vivo en Plaza Rosalina Vilanova 44, Almería, 84000. Mi número de identificación es 34570311N."
Maximiano Dani Mate Andrés,maria-fernanda47@hotmail.com,948280372,"Apt. 37, Murcia",P3838169,"Mi nombre es Maximiano Dani Mate Andrés, puedes contactarme por correo electrónico en maria-fernanda47@hotmail.com, o llamarme al 948280372. Vivo en Apt. 37, Murcia. Mi número de identificación es P3838169."
Paulina Quirós Calvet,juan-manuelcaparros@llamas-manzano.com,+34 622154550,"Pasaje Etelvina Madrigal 629 Apt. 18 , Sevilla, 69378",92130837L,"Mi nombre es Paulina Quirós Calvet, puedes contactarme por correo electrónico en juan-manuelcaparros@llamas-manzano.com, o llamarme al +34 622154550. Vivo en Pasaje Etelvina Madrigal 629 Apt. 18 , Sevilla, 69378. Mi número de identificación es 92130837L."
Hector Roma Pozuelo,encarnacionferrera@carrasco.es,(637) 586-856,"Via Rosalía Adadia 642 Puerta 3 , Huesca, 51523",Y9557798P,"Mi nombre es Hector Roma Pozuelo, puedes contactarme por correo electrónico en encarnacionferrera@carrasco.es, o llamarme al (637) 586-856. Vivo en Via Rosalía Adadia 642 Puerta 3 , Huesca, 51523. Mi número de identificación es Y9557798P."
Brunilda Sosa Escudero,bvalls@gmail.com,986834784,"Apt. 54, Teruel",P4899768,"Mi nombre es Brunilda Sosa Escudero, puedes contactarme por correo electrónico en bvalls@gmail.com, o llamarme al 986834784. Vivo en Apt. 54, Teruel. Mi número de identificación es P4899768."
Victor Manuel de Carvajal,maximilianolosada@cabanillas.es,977401710,"Alameda Ruth Vega 64, Pontevedra, 55221",P9534258,"Mi nombre es Victor Manuel de Carvajal, puedes contactarme por correo electrónico en maximilianolosada@cabanillas.es, o llamarme al 977401710. Vivo en Alameda Ruth Vega 64, Pontevedra, 55221. Mi número de identificación es P9534258."
Marisol de Talavera,frutosbenjamin@hotmail.com,+34 633386509,"Pasadizo de Vasco Gilabert 71 Puerta 0 , Málaga, 84509",P5649698,"Mi nombre es Marisol de Talavera, puedes contactarme por correo electrónico en frutosbenjamin@hotmail.com, o llamarme al +34 633386509. Vivo en Pasadizo de Vasco Gilabert 71 Puerta 0 , Málaga, 84509. Mi número de identificación es P5649698."
Ruy Bárcena Catalán,rebeca06@gmail.com,+34 699406471,"Piso 0, Asturias",39372830Q,"Mi nombre es Ruy Bárcena Catalán, puedes contactarme por correo electrónico en rebeca06@gmail.com, o llamarme al +34 699406471. Vivo en Piso 0, Asturias. Mi número de identificación es 39372830Q."
María Dolores Pelayo Salom,ncastilla@yahoo.com,(666) 346-977,"Alameda de Claudia Ponce 81, Cantabria, 23531",Z4173986R,"Mi nombre es María Dolores Pelayo Salom, puedes contactarme por correo electrónico en ncastilla@yahoo.com, o llamarme al (666) 346-977. Vivo en Alameda de Claudia Ponce 81, Cantabria, 23531. Mi número de identificación es Z4173986R."
Amaro Nebot Carrillo,msantamaria@hotmail.com,947431667,"Puerta 8, Barcelona",53634535P,"Mi nombre es Amaro Nebot Carrillo, puedes contactarme por correo electrónico en msantamaria@hotmail.com, o llamarme al 947431667. Vivo en Puerta 8, Barcelona. Mi número de identificación es 53634535P."
Leonardo de Berrocal,delfinacarrillo@yahoo.com,902218759,"Alameda Julio Barroso 876, Pontevedra, 79376",P4234784,"Mi nombre es Leonardo de Berrocal, puedes contactarme por correo electrónico en delfinacarrillo@yahoo.com, o llamarme al 902218759. Vivo en Alameda Julio Barroso 876, Pontevedra, 79376. Mi número de identificación es P4234784."
Jordana Costa-Huertas,qmontana@lobato.net,904340067,"Calle Urbanización de Ángeles Frías, 137, Guipúzcoa",55788004V,"Mi nombre es Jordana Costa-Huertas, puedes contactarme por correo electrónico en qmontana@lobato.net, o llamarme al 904340067. Vivo en Calle Urbanización de Ángeles Frías, 137, Guipúzcoa. Mi número de identificación es 55788004V."
Eladio Tomé,asantamaria@verdejo.com,+34 609840069,"Piso 7, Pontevedra",56886057M,"Mi nombre es Eladio Tomé, puedes contactarme por correo electrónico en asantamaria@verdejo.com, o llamarme al +34 609840069. Vivo en Piso 7, Pontevedra. Mi número de identificación es 56886057M."
Aránzazu Camps Elías,dortuno@ropero.net,+34727981459,"Camino de Dani Pedro 897, Segovia, 62057",P7498044,"Mi nombre es Aránzazu Camps Elías, puedes contactarme por correo electrónico en dortuno@ropero.net, o llamarme al +34727981459. Vivo en Camino de Dani Pedro 897, Segovia, 62057. Mi número de identificación es P7498044."
Inmaculada Tamarit Exposito,vito85@hotmail.com,(686) 951-305,"Pasadizo de Valentín Mena 147 Piso 8 , Huesca, 06752",P6684456,"Mi nombre es Inmaculada Tamarit Exposito, puedes contactarme por correo electrónico en vito85@hotmail.com, o llamarme al (686) 951-305. Vivo en Pasadizo de Valentín Mena 147 Piso 8 , Huesca, 06752. Mi número de identificación es P6684456."
Cleto Vilar Redondo,malohernando@hotmail.com,+34 844 23 96 25,"Calle de Montserrat Pereira 16, Ourense, 92580",Y6501348P,"Mi nombre es Cleto Vilar Redondo, puedes contactarme por correo electrónico en malohernando@hotmail.com, o llamarme al +34 844 23 96 25. Vivo en Calle de Montserrat Pereira 16, Ourense, 92580. Mi número de identificación es Y6501348P."
Heraclio de Santana,lozanoadelaida@aparicio.com,(676) 752-189,"Pasaje de Rosaura Ortiz 21, Jaén, 63621",P3246031,"Mi nombre es Heraclio de Santana, puedes contactarme por correo electrónico en lozanoadelaida@aparicio.com, o llamarme al (676) 752-189. Vivo en Pasaje de Rosaura Ortiz 21, Jaén, 63621. Mi número de identificación es P3246031."
Marino Vergara,amilcaralvarez@hotmail.com,+34 699271944,"C. de Bibiana González 80, Valladolid, 27216",74639551N,"Mi nombre es Marino Vergara, puedes contactarme por correo electrónico en amilcaralvarez@hotmail.com, o llamarme al +34 699271944. Vivo en C. de Bibiana González 80, Valladolid, 27216. Mi número de identificación es 74639551N."
Lourdes Tormo Crespi,javieracheca@yahoo.com,971258774,"Calle Avenida Adrián Bueno, 153, Huesca",X7745166J,"Mi nombre es Lourdes Tormo Crespi, puedes contactarme por correo electrónico en javieracheca@yahoo.com, o llamarme al 971258774. Vivo en Calle Avenida Adrián Bueno, 153, Huesca. Mi número de identificación es X7745166J."
Oriana Villalonga-Manzano,rosauralastra@vallejo-hierro.com,+34 636967676,"Calle C. Juan Manuel Lastra, 6, Cuenca",84323483D,"Mi nombre es Oriana Villalonga-Manzano, puedes contactarme por correo electrónico en rosauralastra@vallejo-hierro.com, o llamarme al +34 636967676. Vivo en Calle C. Juan Manuel Lastra, 6, Cuenca. Mi número de identificación es 84323483D."
Fidela Rocamora Chamorro,ruedafederico@yahoo.com,+34 671443989,"Calle Ronda Baltasar Bas, 200, Palencia",P7288011,"Mi nombre es Fidela Rocamora Chamorro, puedes contactarme por correo electrónico en ruedafederico@yahoo.com, o llamarme al +34 671443989. Vivo en Calle Ronda Baltasar Bas, 200, Palencia. Mi número de identificación es P7288011."
Baldomero Manzano Miró,cornelioalmeida@burgos.es,+34 620510000,"Calle Plaza Nereida Aranda, 28, Ourense",P2261431,"Mi nombre es Baldomero Manzano Miró, puedes contactarme por correo electrónico en cornelioalmeida@burgos.es, o llamarme al +34 620510000. Vivo en Calle Plaza Nereida Aranda, 28, Ourense. Mi número de identificación es P2261431."
Eugenia Terrón Solano,natanaelalegria@paz.es,+34 718726740,"Puerta 6, Ourense",69102396M,"Mi nombre es Eugenia Terrón Solano, puedes contactarme por correo electrónico en natanaelalegria@paz.es, o llamarme al +34 718726740. Vivo en Puerta 6, Ourense. Mi número de identificación es 69102396M."
Bernardino Tur,pouamancio@hotmail.com,(635) 636-591,"Camino de Angelina Solera 9 Puerta 8 , Asturias, 56577",79170894D,"Mi nombre es Bernardino Tur, puedes contactarme por correo electrónico en pouamancio@hotmail.com, o llamarme al (635) 636-591. Vivo en Camino de Angelina Solera 9 Puerta 8 , Asturias, 56577. Mi número de identificación es 79170894D."
Bibiana Arribas,dtorrent@hotmail.com,+34701 49 23 19,"Cuesta de Rogelio Benitez 46 Apt. 18 , Almería, 95766",97251209Y,"Mi nombre es Bibiana Arribas, puedes contactarme por correo electrónico en dtorrent@hotmail.com, o llamarme al +34701 49 23 19. Vivo en Cuesta de Rogelio Benitez 46 Apt. 18 , Almería, 95766. Mi número de identificación es 97251209Y."
Alexandra Trinidad Mateos Aguirre,benitaalcazar@roig.net,(610) 645-741,"Puerta 0, Cáceres",X5428586W,"Mi nombre es Alexandra Trinidad Mateos Aguirre, puedes contactarme por correo electrónico en benitaalcazar@roig.net, o llamarme al (610) 645-741. Vivo en Puerta 0, Cáceres. Mi número de identificación es X5428586W."
Rafa Soriano Quirós,danilofabra@gimenez.es,+34 624852714,"Calle Urbanización Pacífica Ojeda, 198, Alicante",18542477Q,"Mi nombre es Rafa Soriano Quirós, puedes contactarme por correo electrónico en danilofabra@gimenez.es, o llamarme al +34 624852714. Vivo en Calle Urbanización Pacífica Ojeda, 198, Alicante. Mi número de identificación es 18542477Q."
Fabiana Macías Salinas,rupertasuarez@hotmail.com,+34 675898936,"Avenida Amaya Díez 5, Granada, 63577",X6948875N,"Mi nombre es Fabiana Macías Salinas, puedes contactarme por correo electrónico en rupertasuarez@hotmail.com, o llamarme al +34 675898936. Vivo en Avenida Amaya Díez 5, Granada, 63577. Mi número de identificación es X6948875N."
Sofía Dominguez Nogueira,blancaflavio@valenzuela-alcazar.org,+34729 400 179,"Piso 7, Toledo",68342308M,"Mi nombre es Sofía Dominguez Nogueira, puedes contactarme por correo electrónico en blancaflavio@valenzuela-alcazar.org, o llamarme al +34729 400 179. Vivo en Piso 7, Toledo. Mi número de identificación es 68342308M."
Rufina Barbero,bibianacorbacho@yahoo.com,+34738 952 510,"Ronda de Irma Ribes 12, Guadalajara, 41961",14441465V,"Mi nombre es Rufina Barbero, puedes contactarme por correo electrónico en bibianacorbacho@yahoo.com, o llamarme al +34738 952 510. Vivo en Ronda de Irma Ribes 12, Guadalajara, 41961. Mi número de identificación es 14441465V."
Melania Emiliana Roman Ballesteros,acarbo@yahoo.com,(690) 878-912,"Calle Via de Amancio Landa, 134, Valencia",X4071762B,"Mi nombre es Melania Emiliana Roman Ballesteros, puedes contactarme por correo electrónico en acarbo@yahoo.com, o llamarme al (690) 878-912. Vivo en Calle Via de Amancio Landa, 134, Valencia. Mi número de identificación es X4071762B."
Cirino Hervás Blanco,shernando@hotmail.com,+34876 115 984,"C. Cayetana Mesa 6 Puerta 2 , Lleida, 50117",57552461M,"Mi nombre es Cirino Hervás Blanco, puedes contactarme por correo electrónico en shernando@hotmail.com, o llamarme al +34876 115 984. Vivo en C. Cayetana Mesa 6 Puerta 2 , Lleida, 50117. Mi número de identificación es 57552461M."
Emilia Gomis Tapia,cesar70@alegre.es,+34 628424373,"Apt. 00, Almería",Z5001452N,"Mi nombre es Emilia Gomis Tapia, puedes contactarme por correo electrónico en cesar70@alegre.es, o llamarme al +34 628424373. Vivo en Apt. 00, Almería. Mi número de identificación es Z5001452N."
Merche Pedrero Duque,plinares@pont.es,(697) 475-324,"Calle Rambla de Araceli Alba, 133, Zaragoza",X7741874G,"Mi nombre es Merche Pedrero Duque, puedes contactarme por correo electrónico en plinares@pont.es, o llamarme al (697) 475-324. Vivo en Calle Rambla de Araceli Alba, 133, Zaragoza. Mi número de identificación es X7741874G."
Joan Borrás Morell,mpedraza@yahoo.com,(620) 720-862,"Puerta 2, Málaga",38991301G,"Mi nombre es Joan Borrás Morell, puedes contactarme por correo electrónico en mpedraza@yahoo.com, o llamarme al (620) 720-862. Vivo en Puerta 2, Málaga. Mi número de identificación es 38991301G."
Pelayo Blas Verdejo Balaguer,pastornovoa@pujol.es,916827485,"Calle Urbanización de Florentina Burgos, 67, Madrid",93882601M,"Mi nombre es Pelayo Blas Verdejo Balaguer, puedes contactarme por correo electrónico en pastornovoa@pujol.es, o llamarme al 916827485. Vivo en Calle Urbanización de Florentina Burgos, 67, Madrid. Mi número de identificación es 93882601M."
Juan José Terrón Bejarano,vazqueznazaret@gmail.com,+34 653774386,"Calle Urbanización de Alejandra Tejedor, 75, Guadalajara",40906148P,"Mi nombre es Juan José Terrón Bejarano, puedes contactarme por correo electrónico en vazqueznazaret@gmail.com, o llamarme al +34 653774386. Vivo en Calle Urbanización de Alejandra Tejedor, 75, Guadalajara. Mi número de identificación es 40906148P."
Gaspar Giménez Asensio,hlago@tena-gonzalo.com,+34 634717717,"Puerta 1, Palencia",Y8089299B,"Mi nombre es Gaspar Giménez Asensio, puedes contactarme por correo electrónico en hlago@tena-gonzalo.com, o llamarme al +34 634717717. Vivo en Puerta 1, Palencia. Mi número de identificación es Y8089299B."
Ramiro Lucho Vega Leiva,omarrodriguez@soria-aguila.com,+34 666705937,"Pasaje Abraham Torrecilla 49, La Rioja, 97016",Z3855972J,"Mi nombre es Ramiro Lucho Vega Leiva, puedes contactarme por correo electrónico en omarrodriguez@soria-aguila.com, o llamarme al +34 666705937. Vivo en Pasaje Abraham Torrecilla 49, La Rioja, 97016. Mi número de identificación es Z3855972J."
Socorro del Guillen,moracarlota@alvarez.net,+34654730873,"Plaza de Esther Ortega 64, La Rioja, 10016",Z6414499M,"Mi nombre es Socorro del Guillen, puedes contactarme por correo electrónico en moracarlota@alvarez.net, o llamarme al +34654730873. Vivo en Plaza de Esther Ortega 64, La Rioja, 10016. Mi número de identificación es Z6414499M."
Joaquín Querol,hbarrios@mariscal-giner.net,(628) 814-141,"Piso 3, Zaragoza",P4548279,"Mi nombre es Joaquín Querol, puedes contactarme por correo electrónico en hbarrios@mariscal-giner.net, o llamarme al (628) 814-141. Vivo en Piso 3, Zaragoza. Mi número de identificación es P4548279."
Fabricio Plana,glauco05@yahoo.com,(648) 500-944,"Puerta 3, La Coruña",P8937565,"Mi nombre es Fabricio Plana, puedes contactarme por correo electrónico en glauco05@yahoo.com, o llamarme al (648) 500-944. Vivo en Puerta 3, La Coruña. Mi número de identificación es P8937565."
Felix Costa-Uriarte,luzcrespi@mendoza.es,+34 682 282 955,"Puerta 6, Huelva",62185660P,"Mi nombre es Felix Costa-Uriarte, puedes contactarme por correo electrónico en luzcrespi@mendoza.es, o llamarme al +34 682 282 955. Vivo en Puerta 6, Huelva. Mi número de identificación es 62185660P."
Marcos Pomares Cabo,ubueno@peralta.com,+34 649709428,"Callejón de Gabriel Menendez 79 Piso 7 , Granada, 44545",68950112H,"Mi nombre es Marcos Pomares Cabo, puedes contactarme por correo electrónico en ubueno@peralta.com, o llamarme al +34 649709428. Vivo en Callejón de Gabriel Menendez 79 Piso 7 , Granada, 44545. Mi número de identificación es 68950112H."
Montserrat Cueto Silva,njuan@hotmail.com,+34 959908651,"Glorieta de Nicolás Quirós 912, Albacete, 65293",P7740264,"Mi nombre es Montserrat Cueto Silva, puedes contactarme por correo electrónico en njuan@hotmail.com, o llamarme al +34 959908651. Vivo en Glorieta de Nicolás Quirós 912, Albacete, 65293. Mi número de identificación es P7740264."
Hector Tapia Santamaria,emilia28@quevedo.com,+34 639238074,"Cañada Ruperta Rivera 1, León, 44247",X2367318F,"Mi nombre es Hector Tapia Santamaria, puedes contactarme por correo electrónico en emilia28@quevedo.com, o llamarme al +34 639238074. Vivo en Cañada Ruperta Rivera 1, León, 44247. Mi número de identificación es X2367318F."
Guiomar Lladó,cornelio22@gmail.com,+34 740 54 51 84,"Ronda Néstor Toledo 4 Piso 7 , Tarragona, 11221",P3632076,"Mi nombre es Guiomar Lladó, puedes contactarme por correo electrónico en cornelio22@gmail.com, o llamarme al +34 740 54 51 84. Vivo en Ronda Néstor Toledo 4 Piso 7 , Tarragona, 11221. Mi número de identificación es P3632076."
Natanael Viñas Oliver,solanojorge@gmail.com,+34 658126577,"Calle Avenida Hector Castejón, 174, Melilla",Z1494454L,"Mi nombre es Natanael Viñas Oliver, puedes contactarme por correo electrónico en solanojorge@gmail.com, o llamarme al +34 658126577. Vivo en Calle Avenida Hector Castejón, 174, Melilla. Mi número de identificación es Z1494454L."
Severino Palmer Perera,nicocolomer@gmail.com,(621) 829-973,"Vial de Estefanía Collado 10 Apt. 25 , Pontevedra, 20895",60967035J,"Mi nombre es Severino Palmer Perera, puedes contactarme por correo electrónico en nicocolomer@gmail.com, o llamarme al (621) 829-973. Vivo en Vial de Estefanía Collado 10 Apt. 25 , Pontevedra, 20895. Mi número de identificación es 60967035J."
Toribio Rovira Trujillo,esperanzacodina@hotmail.com,+34 702 26 57 88,"Calle Callejón de María Manuela Castrillo, 169, Jaén",57339791T,"Mi nombre es Toribio Rovira Trujillo, puedes contactarme por correo electrónico en esperanzacodina@hotmail.com, o llamarme al +34 702 26 57 88. Vivo en Calle Callejón de María Manuela Castrillo, 169, Jaén. Mi número de identificación es 57339791T."
Candelario Blanca Serrano,barrigafito@hotmail.com,+34 656059601,"Camino de Pascuala Sanz 47 Puerta 9 , Guipúzcoa, 69263",59692101P,"Mi nombre es Candelario Blanca Serrano, puedes contactarme por correo electrónico en barrigafito@hotmail.com, o llamarme al +34 656059601. Vivo en Camino de Pascuala Sanz 47 Puerta 9 , Guipúzcoa, 69263. Mi número de identificación es 59692101P."
Rafael Cabeza Ríos,marisolalmagro@cuadrado.com,+34 662030913,"Vial Óscar Pagès 52, Cantabria, 09124",36058784J,"Mi nombre es Rafael Cabeza Ríos, puedes contactarme por correo electrónico en marisolalmagro@cuadrado.com, o llamarme al +34 662030913. Vivo en Vial Óscar Pagès 52, Cantabria, 09124. Mi número de identificación es 36058784J."
Abraham Salmerón Mínguez,alejandromena@hotmail.com,949534695,"Apt. 00, Huesca",X9550802F,"Mi nombre es Abraham Salmerón Mínguez, puedes contactarme por correo electrónico en alejandromena@hotmail.com, o llamarme al 949534695. Vivo en Apt. 00, Huesca. Mi número de identificación es X9550802F."
Emiliana Esteve Benítez,hipolitomari@colom.es,+34 739 073 995,"Puerta 8, Alicante",P4637446,"Mi nombre es Emiliana Esteve Benítez, puedes contactarme por correo electrónico en hipolitomari@colom.es, o llamarme al +34 739 073 995. Vivo en Puerta 8, Alicante. Mi número de identificación es P4637446."
Juan Carlos Batalla Cervera,emilia18@bauza.es,+34 603492466,"Camino de Jaime Ibañez 72, Burgos, 66353",16741543Q,"Mi nombre es Juan Carlos Batalla Cervera, puedes contactarme por correo electrónico en emilia18@bauza.es, o llamarme al +34 603492466. Vivo en Camino de Jaime Ibañez 72, Burgos, 66353. Mi número de identificación es 16741543Q."
Apolinar Daniel Varela Briones,priegoalma@yahoo.com,+34 747 90 51 69,"Plaza Luisina Giralt 738, Murcia, 38125",63789246A,"Mi nombre es Apolinar Daniel Varela Briones, puedes contactarme por correo electrónico en priegoalma@yahoo.com, o llamarme al +34 747 90 51 69. Vivo en Plaza Luisina Giralt 738, Murcia, 38125. Mi número de identificación es 63789246A."
Baldomero Varela Narváez,matemarcos@yahoo.com,(669) 836-855,"Apt. 25, Almería",40651393A,"Mi nombre es Baldomero Varela Narváez, puedes contactarme por correo electrónico en matemarcos@yahoo.com, o llamarme al (669) 836-855. Vivo en Apt. 25, Almería. Mi número de identificación es 40651393A."
Humberto Guillen Miró,asuncion03@yahoo.com,991734207,"Pasaje de Baltasar Vega 8 Apt. 76 , Navarra, 18791",P8236937,"Mi nombre es Humberto Guillen Miró, puedes contactarme por correo electrónico en asuncion03@yahoo.com, o llamarme al 991734207. Vivo en Pasaje de Baltasar Vega 8 Apt. 76 , Navarra, 18791. Mi número de identificación es P8236937."
Yésica Graciela Ugarte Saura,campomaura@urrutia.com,+34 660642177,"Puerta 5, Castellón",P9062572,"Mi nombre es Yésica Graciela Ugarte Saura, puedes contactarme por correo electrónico en campomaura@urrutia.com, o llamarme al +34 660642177. Vivo en Puerta 5, Castellón. Mi número de identificación es P9062572."
Rocío Gil,anastasia61@hotmail.com,965030142,"Paseo de Eustaquio Díaz 4, Melilla, 47351",31779077H,"Mi nombre es Rocío Gil, puedes contactarme por correo electrónico en anastasia61@hotmail.com, o llamarme al 965030142. Vivo en Paseo de Eustaquio Díaz 4, Melilla, 47351. Mi número de identificación es 31779077H."
Joaquina Aguilar Bastida,eva-mariabenito@luis.es,(603) 787-314,"Calle Cuesta de Aurora Solano, 191, Baleares",P7262595,"Mi nombre es Joaquina Aguilar Bastida, puedes contactarme por correo electrónico en eva-mariabenito@luis.es, o llamarme al (603) 787-314. Vivo en Calle Cuesta de Aurora Solano, 191, Baleares. Mi número de identificación es P7262595."
Amílcar Matas Jáuregui,aragonluisa@solana.es,+34 742401547,"Apt. 86, Ourense",Z9517399D,"Mi nombre es Amílcar Matas Jáuregui, puedes contactarme por correo electrónico en aragonluisa@solana.es, o llamarme al +34 742401547. Vivo en Apt. 86, Ourense. Mi número de identificación es Z9517399D."
Leandra Talavera,dosorio@montalban.es,+34 640778235,"Plaza Corona Arcos 43 Piso 8 , La Rioja, 91712",Y7796996S,"Mi nombre es Leandra Talavera, puedes contactarme por correo electrónico en dosorio@montalban.es, o llamarme al +34 640778235. Vivo en Plaza Corona Arcos 43 Piso 8 , La Rioja, 91712. Mi número de identificación es Y7796996S."
Ana Arribas Velázquez,nayara35@ramis-chico.net,(643) 178-874,"Alameda Carmelita Rey 95, Ávila, 59722",P3095562,"Mi nombre es Ana Arribas Velázquez, puedes contactarme por correo electrónico en nayara35@ramis-chico.net, o llamarme al (643) 178-874. Vivo en Alameda Carmelita Rey 95, Ávila, 59722. Mi número de identificación es P3095562."
Alonso Lerma Figueroa,angeles99@gmail.com,+34 860079665,"Cuesta Fortunata Peñalver 2, Sevilla, 25002",P6018839,"Mi nombre es Alonso Lerma Figueroa, puedes contactarme por correo electrónico en angeles99@gmail.com, o llamarme al +34 860079665. Vivo en Cuesta Fortunata Peñalver 2, Sevilla, 25002. Mi número de identificación es P6018839."
Haydée Camino Andrade,hjulia@hotmail.com,+34862 744 161,"C. de Ciro Villanueva 78 Apt. 23 , Ceuta, 67260",P8251056,"Mi nombre es Haydée Camino Andrade, puedes contactarme por correo electrónico en hjulia@hotmail.com, o llamarme al +34862 744 161. Vivo en C. de Ciro Villanueva 78 Apt. 23 , Ceuta, 67260. Mi número de identificación es P8251056."
María Fernanda Chaparro Madrigal,almudenapujadas@yahoo.com,+34 622693660,"Calle Cañada Custodio Aroca, 159, Ourense",35312537X,"Mi nombre es María Fernanda Chaparro Madrigal, puedes contactarme por correo electrónico en almudenapujadas@yahoo.com, o llamarme al +34 622693660. Vivo en Calle Cañada Custodio Aroca, 159, Ourense. Mi número de identificación es 35312537X."
Pilar Bertrán-Perelló,valeriabayon@valera.com,+34665 972 203,"Apt. 29, Ávila",P7560367,"Mi nombre es Pilar Bertrán-Perelló, puedes contactarme por correo electrónico en valeriabayon@valera.com, o llamarme al +34665 972 203. Vivo en Apt. 29, Ávila. Mi número de identificación es P7560367."
Gala Pedrosa Calderón,clementinapenas@yahoo.com,+34 616663950,"Calle Pasaje de Guiomar Escudero, 184, Soria",49058134P,"Mi nombre es Gala Pedrosa Calderón, puedes contactarme por correo electrónico en clementinapenas@yahoo.com, o llamarme al +34 616663950. Vivo en Calle Pasaje de Guiomar Escudero, 184, Soria. Mi número de identificación es 49058134P."
Lara Marín,natanael19@yahoo.com,952262118,"Piso 1, Almería",P7786028,"Mi nombre es Lara Marín, puedes contactarme por correo electrónico en natanael19@yahoo.com, o llamarme al 952262118. Vivo en Piso 1, Almería. Mi número de identificación es P7786028."
Nicanor Salcedo Zamora,qdiaz@hotmail.com,(630) 706-291,"Calle Plaza de Nadia Ramírez, 200, Valladolid",P4780841,"Mi nombre es Nicanor Salcedo Zamora, puedes contactarme por correo electrónico en qdiaz@hotmail.com, o llamarme al (630) 706-291. Vivo en Calle Plaza de Nadia Ramírez, 200, Valladolid. Mi número de identificación es P4780841."
Alma Ferreras-Bermudez,nsales@vives.net,957667457,"Apt. 43, Córdoba",92042797X,"Mi nombre es Alma Ferreras-Bermudez, puedes contactarme por correo electrónico en nsales@vives.net, o llamarme al 957667457. Vivo en Apt. 43, Córdoba. Mi número de identificación es 92042797X."
Borja Carbó-Andrade,ecanton@hotmail.com,(655) 587-191,"Camino Fabio Tomé 951, Zaragoza, 16018",59499940E,"Mi nombre es Borja Carbó-Andrade, puedes contactarme por correo electrónico en ecanton@hotmail.com, o llamarme al (655) 587-191. Vivo en Camino Fabio Tomé 951, Zaragoza, 16018. Mi número de identificación es 59499940E."
Carmelo de Salamanca,vazqueziker@barcelo.es,+34 742207937,"Paseo Judith Mesa 5 Apt. 68 , Castellón, 25419",P6288154,"Mi nombre es Carmelo de Salamanca, puedes contactarme por correo electrónico en vazqueziker@barcelo.es, o llamarme al +34 742207937. Vivo en Paseo Judith Mesa 5 Apt. 68 , Castellón, 25419. Mi número de identificación es P6288154."
Áurea Carolina Rojas Pinedo,ricartines@yahoo.com,+34 604245439,"Puerta 4, Santa Cruz de Tenerife",52998641J,"Mi nombre es Áurea Carolina Rojas Pinedo, puedes contactarme por correo electrónico en ricartines@yahoo.com, o llamarme al +34 604245439. Vivo en Puerta 4, Santa Cruz de Tenerife. Mi número de identificación es 52998641J."
Buenaventura Belmonte Plana,rivasjuan-jose@yahoo.com,+34 613496530,"Apt. 02, Zaragoza",42926353G,"Mi nombre es Buenaventura Belmonte Plana, puedes contactarme por correo electrónico en rivasjuan-jose@yahoo.com, o llamarme al +34 613496530. Vivo en Apt. 02, Zaragoza. Mi número de identificación es 42926353G."
Aroa Angulo Pascual,roberto35@hotmail.com,+34 635646846,"Plaza de Valentina Pujol 83 Puerta 3 , Murcia, 26415",82507986A,"Mi nombre es Aroa Angulo Pascual, puedes contactarme por correo electrónico en roberto35@hotmail.com, o llamarme al +34 635646846. Vivo en Plaza de Valentina Pujol 83 Puerta 3 , Murcia, 26415. Mi número de identificación es 82507986A."
Ismael Tejera-Monreal,alba74@hotmail.com,917912654,"Ronda de Geraldo Meléndez 13 Apt. 81 , Murcia, 95807",17347950L,"Mi nombre es Ismael Tejera-Monreal, puedes contactarme por correo electrónico en alba74@hotmail.com, o llamarme al 917912654. Vivo en Ronda de Geraldo Meléndez 13 Apt. 81 , Murcia, 95807. Mi número de identificación es 17347950L."
Clarisa Pomares Bejarano,juana15@hotmail.com,(605) 675-937,"Puerta 9, Guadalajara",X2795266Z,"Mi nombre es Clarisa Pomares Bejarano, puedes contactarme por correo electrónico en juana15@hotmail.com, o llamarme al (605) 675-937. Vivo en Puerta 9, Guadalajara. Mi número de identificación es X2795266Z."
Hernando de Pla,upalomares@gmail.com,+34609 70 09 70,"Apt. 28, Asturias",X2788063G,"Mi nombre es Hernando de Pla, puedes contactarme por correo electrónico en upalomares@gmail.com, o llamarme al +34609 70 09 70. Vivo en Apt. 28, Asturias. Mi número de identificación es X2788063G."
Bárbara de Jiménez,javiermilla@alcazar.es,(697) 957-251,"Calle Avenida Adelina España, 78, Cádiz",P5080278,"Mi nombre es Bárbara de Jiménez, puedes contactarme por correo electrónico en javiermilla@alcazar.es, o llamarme al (697) 957-251. Vivo en Calle Avenida Adelina España, 78, Cádiz. Mi número de identificación es P5080278."
Bernabé del Arenas,estela89@riba-barranco.com,+34711868556,"C. Josefa Menendez 101, La Coruña, 70590",P5234467,"Mi nombre es Bernabé del Arenas, puedes contactarme por correo electrónico en estela89@riba-barranco.com, o llamarme al +34711868556. Vivo en C. Josefa Menendez 101, La Coruña, 70590. Mi número de identificación es P5234467."
Conrado Somoza,eusebioandreu@yahoo.com,(687) 850-910,"Calle Urbanización Flora Miranda, 69, Teruel",P8722024,"Mi nombre es Conrado Somoza, puedes contactarme por correo electrónico en eusebioandreu@yahoo.com, o llamarme al (687) 850-910. Vivo en Calle Urbanización Flora Miranda, 69, Teruel. Mi número de identificación es P8722024."
Régulo Guitart Garmendia,loretosole@yahoo.com,916432206,"Calle Paseo de Juanita Verdugo, 159, Huelva",Y9848867A,"Mi nombre es Régulo Guitart Garmendia, puedes contactarme por correo electrónico en loretosole@yahoo.com, o llamarme al 916432206. Vivo en Calle Paseo de Juanita Verdugo, 159, Huelva. Mi número de identificación es Y9848867A."
Régulo Ribes Urrutia,uclemente@segura-carballo.org,+34 662833809,"Alameda de Maricruz Feliu 78 Puerta 5 , Segovia, 98955",Y8346080C,"Mi nombre es Régulo Ribes Urrutia, puedes contactarme por correo electrónico en uclemente@segura-carballo.org, o llamarme al +34 662833809. Vivo en Alameda de Maricruz Feliu 78 Puerta 5 , Segovia, 98955. Mi número de identificación es Y8346080C."
Araceli Sola Quintana,smiro@yahoo.com,(616) 744-924,"Apt. 60, Almería",80475012E,"Mi nombre es Araceli Sola Quintana, puedes contactarme por correo electrónico en smiro@yahoo.com, o llamarme al (616) 744-924. Vivo en Apt. 60, Almería. Mi número de identificación es 80475012E."
Adelardo Ribas Martín,barrioscarmela@yahoo.com,(678) 410-346,"Apt. 20, Murcia",35469459R,"Mi nombre es Adelardo Ribas Martín, puedes contactarme por correo electrónico en barrioscarmela@yahoo.com, o llamarme al (678) 410-346. Vivo en Apt. 20, Murcia. Mi número de identificación es 35469459R."
Nazario Baltasar Campillo Iniesta,segismundo66@hotmail.com,954760760,"Puerta 9, Valladolid",73342854G,"Mi nombre es Nazario Baltasar Campillo Iniesta, puedes contactarme por correo electrónico en segismundo66@hotmail.com, o llamarme al 954760760. Vivo en Puerta 9, Valladolid. Mi número de identificación es 73342854G."
